hru_id_CAMELS,Folder_CAMELS,outlet_id_CAMELS,RunPET,NCat,SA_analysis,aridity,p_seasonality,frac_snow,Snow10_arid1_5
04115265,camels_04115265_12232338,12232338,0,11,1,0.905793417301305,0.222395197435615,0.17692366303836,0
07301410,camels_07301410_13754363,13754363,1,63,1,1.72085929084126,0.54562376978321,0.0754167591358171,0
04063700,camels_04063700_6844165,6844165,0,33,1,0.888204601535273,0.520192757708825,0.211966109984869,0
12488500,camels_12488500_24422913,24422913,0,27,1,0.460863112965068,-0.904591870238888,0.641918995401996,0
09512280,camels_09512280_20476698,20476698,1,28,1,2.92619766089728,-0.439113382527268,0.0046420695661842,0
01466500,camels_01466500_4492036,4492036,1,1,1,0.864395949341242,0.0603116014654338,0.0626617697616761,1
10259000,camels_10259000_22592131,22592131,1,3,1,2.98883590649644,-1.34307951369627,0.0335249004621377,0
10336660,camels_10336660_8941693,8941693,0,4,1,0.766349594900847,-1.14131643450225,0.668727842270536,0
13235000,camels_13235000_24158523,24158523,0,152,1,1.04542058272682,-0.810877697022429,0.677895075896552,0
08013000,camels_08013000_15085941,15085941,1,191,1,0.745282546959656,-0.156904435045654,0.0032863361803717,1
06479215,camels_06479215_9370700,9370700,0,22,1,1.20607496009013,0.760783399210058,0.164751422321796,0
04015330,camels_04015330_1757696,1757696,0,28,1,0.874388280219585,0.590786400549574,0.196079390089318,0
11176400,camels_11176400_2806807,2806807,1,44,1,2.20881381268599,-1.25779487608552,0.016307003804813,0
08164300,camels_08164300_7846049,7846049,1,76,1,1.65573995578224,-0.0004274136529092,0.0021354784821483,0
09306242,camels_09306242_3240437,3240437,0,11,1,2.90419159117546,0.0541007336993257,0.35800746386243,0
01516500,camels_01516500_8112305,8112305,0,5,1,0.712019857879042,0.164481435383888,0.199238597784613,0
07195800,camels_07195800_399452,399452,1,6,1,0.816966915348155,0.142939362252623,0.0482364215180522,1
07291000,camels_07291000_19115892,19115892,1,57,1,0.746843729797645,-0.165164818260007,0.003569389743915,1
05584500,camels_05584500_13802760,13802760,1,204,1,0.904224450377187,0.386434451108192,0.0864765586667042,1
01031500,camels_01031500_1722317,1722317,0,102,1,0.587950340389816,0.104090599122482,0.291836473001958,0
05591550,camels_05591550_13771102,13771102,1,12,1,0.891032818970254,0.197561873718447,0.0692516054963585,1
08377900,camels_08377900_20815146,20815146,0,14,1,1.49790476426613,0.324674516842352,0.466213354634129,0
02300700,camels_02300700_16918210,16918210,1,10,1,1.11723164526588,0.724640389749514,0.0,1
03364500,camels_03364500_18454477,18454477,1,17,1,0.758512209828774,0.144662519373104,0.0804170575814994,1
07299670,camels_07299670_13741403,13741403,1,55,0,2.33652699692291,0.460331287563181,0.02913235345217,0
07196900,camels_07196900_400822,400822,1,16,0,0.773031049426636,0.101719623546402,0.0460986315040519,1
08066200,camels_08066200_1487570,1487570,1,53,0,1.01878315099575,-0.115463192290056,0.0023206818433828,1
08050800,camels_08050800_1275870,1275870,1,12,0,1.11436832312552,0.0757386670930282,0.0196728968786143,1
08023080,camels_08023080_9533087,9533087,1,16,0,0.800739536656153,-0.210385474855854,0.0072046599774758,1
08014500,camels_08014500_15078398,15078398,1,128,0,0.731222355302373,-0.10171220484307,0.0022457658116513,1
07197000,camels_07197000_400496,400496,1,109,0,0.792397247493652,0.12374916915209,0.0408010944755726,1
07315200,camels_07315200_13660367,13660367,1,50,0,1.70766093969166,0.201927753785972,0.0162560388991893,0
07208500,camels_07208500_20060156,20060156,0,16,0,1.75813818175816,0.550231739304762,0.333134983679482,0
07375000,camels_07375000_18928210,18928210,1,32,0,0.805556798925254,-0.006388603807006,0.0005081655254214,1
07362587,camels_07362587_21919761,21919761,1,7,0,0.749976777706078,-0.0690111653709,0.0366380668861851,1
07362100,camels_07362100_21956120,21956120,1,121,0,0.802148357161268,-0.192228847480827,0.0183234657917035,1
07261000,camels_07261000_7817394,7817394,1,52,0,0.77452604447742,-0.0831938935841742,0.0378060990134872,1
07359610,camels_07359610_22000700,22000700,1,41,0,0.681704238009044,-0.080252730151755,0.0301790248613661,1
07263295,camels_07263295_22846153,22846153,1,17,0,0.859007898665077,-0.0925221284671945,0.0310455107281904,1
08066300,camels_08066300_1494036,1494036,1,26,0,1.05398794346995,-0.0998319789863559,0.0017530511421341,1
07340300,camels_07340300_3746094,3746094,1,26,0,0.657004332127709,-0.0403900414114815,0.0385678054509223,1
07335700,camels_07335700_588170,588170,1,13,0,0.669954865647405,0.0173791162450563,0.0430162960741129,1
07315700,camels_07315700_3132401,3132401,1,157,0,1.22670685204901,0.244999789210954,0.0208161228801737,1
07346045,camels_07346045_1017865,1017865,1,76,0,0.877246678888312,-0.136650783063296,0.0168897938562348,1
01022500,camels_01022500_2677104,2677104,0,74,0,0.587356423405076,-0.114529586491395,0.245259009248271,0
08070000,camels_08070000_1520007,1520007,1,104,0,1.00949499977647,-0.0900810234709041,0.0023807368074233,1
08171300,camels_08171300_1631023,1631023,1,102,0,1.82591414268598,0.118060634725149,0.0043200262623378,0
08202700,camels_08202700_10655687,10655687,1,48,0,1.54002888680651,0.347770892076186,0.002762016493395,0
08200000,camels_08200000_10654651,10654651,1,28,0,1.41838590132114,0.319638947128488,0.0026284470487446,1
08198500,camels_08198500_10646003,10646003,1,75,0,1.51562140321696,0.36854225826777,0.0030982528891208,0
08196000,camels_08196000_10644541,10644541,1,45,0,1.64015802655172,0.383258619921734,0.0023896281867178,0
08195000,camels_08195000_10645755,10645755,1,123,0,1.53150536935558,0.36979018821797,0.0043576302166992,0
08194200,camels_08194200_10634531,10634531,1,132,0,2.59034127716609,0.435173445212812,0.0005535601264272,0
08190500,camels_08190500_7876116,7876116,1,132,0,2.30251614629113,0.414786097079929,0.0044907633248583,0
08190000,camels_08190000_7872253,7872253,1,214,0,1.77267488093054,0.375019993669262,0.0037075564040486,0
08189500,camels_08189500_5289461,5289461,1,178,0,1.99499278745536,0.240103706803132,0.0016287321026845,0
08178880,camels_08178880_10833740,10833740,1,110,0,1.36621531734618,0.297780119445088,0.0030449353276083,1
08176900,camels_08176900_1638559,1638559,1,105,0,1.55712242331961,0.196843007834043,0.0018005933498891,0
08175000,camels_08175000_1623207,1623207,1,138,0,1.42543650438442,0.149304800803094,0.0022293177664445,1
08165300,camels_08165300_3585678,3585678,1,50,0,1.50096873591231,0.306120852849834,0.0056160383836324,0
07180500,camels_07180500_20920709,20920709,1,42,0,1.12417376961053,0.583217758556273,0.0557846206828486,1
08164600,camels_08164600_9349285,9349285,1,26,0,1.21751473896089,0.185540966971784,0.0008978831137086,1
08158810,camels_08158810_5781401,5781401,1,3,0,1.34600842646972,0.0357177337021913,0.0058462589398929,1
08158700,camels_08158700_5780099,5780099,1,23,0,1.31655223457378,0.0826425437927156,0.0064753537654614,1
08150800,camels_08150800_5770545,5770545,1,71,0,1.59128406204933,0.209836351345389,0.0082340595135767,0
08109700,camels_08109700_5570395,5570395,1,70,0,1.2855030994979,-0.0705636784008924,0.0051361625387599,1
08104900,camels_08104900_5671579,5671579,1,39,0,1.33003008524243,0.0839853225780101,0.0093596117977168,1
08103900,camels_08103900_5587890,5587890,1,13,0,1.3600474906175,0.0673188703134023,0.0092842421517583,1
08101000,camels_08101000_2580511,2580511,1,94,0,1.37780685239028,0.105146588941242,0.0091795525039557,1
08086290,camels_08086290_5525073,5525073,1,69,0,1.77122694588562,0.270926122565692,0.0128799846435909,0
08086212,camels_08086212_5525607,5525607,1,140,0,1.70903656792118,0.3051908468616,0.0131862313964449,0
08082700,camels_08082700_5542148,5542148,1,24,0,1.99858819113605,0.377580941830862,0.0128021384845558,0
08070200,camels_08070200_1520083,1520083,1,115,0,1.09493724123552,-0.0794909507108985,0.0024550978464837,1
07184000,camels_07184000_20874950,20874950,1,41,0,0.842268292980362,0.405783300519948,0.0453576175844397,1
07066000,camels_07066000_7518797,7518797,1,127,0,0.837588633495557,0.0581490297793631,0.0562313137196695,1
07167500,camels_07167500_21517052,21517052,1,40,0,0.966221892684406,0.546830642421679,0.0520689190916616,1
06623800,camels_06623800_15984809,15984809,0,24,0,1.06195280275687,-0.574079549458723,0.753935609059572,0
06614800,camels_06614800_16000378,16000378,0,1,0,1.29403586608656,-0.273957013170096,0.760476738091987,0
06601000,camels_06601000_17244016,17244016,0,46,0,1.13549357837119,0.702089233473655,0.105879368005318,0
06477500,camels_06477500_12664828,12664828,0,84,0,1.3900588387715,0.698989465592905,0.132381124658994,0
06470800,camels_06470800_11468868,11468868,0,45,0,1.35156161838453,0.824561369384648,0.14718946482151,0
06447500,camels_06447500_20179529,20179529,0,75,0,1.68094218186979,0.678962210187896,0.155649176414783,0
06440200,camels_06440200_16131669,16131669,0,91,0,1.79637217648191,0.662348894220469,0.140805850137048,0
06431500,camels_06431500_5481765,5481765,0,57,0,1.47892722452329,0.393724656067756,0.36993144167527,0
06409000,camels_06409000_17533503,17533503,0,26,0,1.50158827431532,0.561712233684554,0.343337176611808,0
06406000,camels_06406000_14396284,14396284,0,56,0,1.66039478981351,0.747918616778269,0.167832878351021,0
06404000,camels_06404000_14396112,14396112,0,19,0,1.56319969721981,0.742308699305366,0.191294358675479,0
06352000,camels_06352000_21860180,21860180,0,170,0,2.13079406785484,0.751851497127695,0.168403955596369,0
06350000,camels_06350000_16213178,16213178,0,191,0,2.01740148580862,0.771483147435968,0.164913327830338,0
06344600,camels_06344600_16233369,16233369,0,55,0,1.87330300304748,0.835102017131009,0.162624033289867,0
06339100,camels_06339100_16247217,16247217,0,67,0,1.83336186298423,0.838254396394264,0.160349274004295,0
06332515,camels_06332515_21539242,21539242,0,22,0,2.04281782531033,0.818659017571152,0.173914615394175,0
06311000,camels_06311000_5348813,5348813,0,5,0,1.67622002761224,0.269035363438014,0.57382796016244,0
06289000,camels_06289000_12771343,12771343,0,56,0,1.4459497623994,0.0299032787862332,0.583642806430044,0
06280300,camels_06280300_12788124,12788124,0,98,0,1.30316178661964,-0.0999368270576154,0.666773488915146,0
06278300,camels_06278300_12804142,12804142,0,7,0,1.31947750026898,0.0435232793680325,0.732862235334757,0
06224000,camels_06224000_12900470,12900470,0,53,0,1.7478701746332,0.0241078883289395,0.693901350936104,0
06221400,camels_06221400_12899984,12899984,0,27,0,1.93775283537396,0.0108231064378987,0.714826752405444,0
05595730,camels_05595730_13783124,13783124,1,34,0,0.861415859619752,0.11466886135199,0.05667164669358,1
05593900,camels_05593900_13881906,13881906,1,22,0,0.916137506660939,0.174782457807895,0.0734339258739105,1
05593575,camels_05593575_13873068,13873068,1,27,0,0.902521552649698,0.143569501234744,0.0547473552431735,1
05592575,camels_05592575_13869098,13869098,1,15,0,0.896067108661667,0.13197632155276,0.0638801924050215,1
05592050,camels_05592050_13771802,13771802,1,30,0,0.914557066866657,0.188157465283187,0.0740889287495313,1
05556500,camels_05556500_14836121,14836121,0,66,0,0.859336170405326,0.423445844697201,0.106987814559373,0
06622700,camels_06622700_15983485,15983485,0,14,0,1.47588506035729,-0.377662713272669,0.717691988588396,0
06632400,camels_06632400_15968457,15968457,0,19,0,1.45805954432552,-0.353991436590959,0.744511869620645,0
07145700,camels_07145700_21166753,21166753,1,54,0,1.11547123781855,0.530907144387519,0.0617611519704068,1
06746095,camels_06746095_2900149,2900149,0,2,0,1.0840002275756,-0.258102649539417,0.728744289492069,0
07142300,camels_07142300_21195628,21195628,1,92,0,1.56784612680298,0.64300366741464,0.0867916780002227,0
07083000,camels_07083000_916821,916821,0,9,0,1.36440276871712,-0.167233548038244,0.710599947836907,0
08269000,camels_08269000_17864360,17864360,0,21,0,2.45451009065424,0.35003487341317,0.401645682298287,0
07060710,camels_07060710_11834118,11834118,1,19,0,0.824435432263722,-0.0358890727289953,0.0509984831292569,1
07057500,camels_07057500_7650991,7650991,1,180,0,0.850429460883099,0.0252425344420412,0.0564394367095807,1
06921200,camels_06921200_7388709,7388709,1,36,0,0.847027880715814,0.270337363924671,0.0572554270612204,1
06921070,camels_06921070_7388043,7388043,1,98,0,0.849015442075115,0.242140554454108,0.0601238372834516,1
06919500,camels_06919500_7371515,7371515,1,116,0,0.859843734652658,0.334526710398808,0.0494466083766876,1
06918460,camels_06918460_7374577,7374577,1,76,0,0.852583831396187,0.249251703337388,0.0498588468679264,1
06917000,camels_06917000_7359831,7359831,1,98,0,0.91183746577702,0.461375919860731,0.05107020470328,1
06911900,camels_06911900_10117754,10117754,1,39,0,1.00244748629089,0.570789214497895,0.0618531603753962,1
06910800,camels_06910800_10116766,10116766,1,57,0,1.01816257129589,0.573098126736764,0.0613066358092003,1
06906800,camels_06906800_5995392,5995392,1,154,0,0.832635549516019,0.364725736915439,0.0604504736826071,1
06903400,camels_06903400_5124308,5124308,1,62,0,0.87728614066134,0.603861863044363,0.0979262678501136,1
06892000,camels_06892000_3729049,3729049,1,136,0,0.944174283753739,0.585259882115312,0.0715178249456991,1
06889500,camels_06889500_3646124,3646124,1,102,0,1.00328900932497,0.621476145395479,0.069599735811632,1
06889200,camels_06889200_3645554,3645554,1,53,0,1.01223716511957,0.632717435561296,0.0716152496141078,1
06888500,camels_06888500_3643688,3643688,1,100,0,1.03417347150582,0.629940349394955,0.0703719655848806,1
06885500,camels_06885500_2277053,2277053,1,97,0,1.17223558795673,0.664971956084693,0.0842987262187572,1
06879650,camels_06879650_18841318,18841318,1,2,0,1.00782927685693,0.666392527909886,0.0672497335190048,1
06878000,camels_06878000_18880718,18880718,1,95,0,1.29770247198185,0.649879241745478,0.0727867121382812,1
06876700,camels_06876700_3539121,3539121,1,130,0,1.30343428478204,0.713301976007724,0.0796113854216262,1
06853800,camels_06853800_19017621,19017621,0,70,0,1.46547337881702,0.688722091991079,0.104135741933305,0
06847900,camels_06847900_8364344,8364344,0,185,0,2.09799656292002,0.804810475115176,0.102382584534704,0
06814000,camels_06814000_19158238,19158238,1,80,0,1.07356313724596,0.640132687920487,0.0902842088456011,1
06803530,camels_06803530_17399459,17399459,1,38,0,1.16045170865849,0.678686575118487,0.0991958577666237,1
06803510,camels_06803510_17405547,17405547,1,15,0,1.18552696425122,0.68640145144097,0.0940475934983777,1
08267500,camels_08267500_17863440,17863440,0,12,0,2.11912415681593,0.294762967177555,0.471388008193727,0
08380500,camels_08380500_20815196,20815196,0,23,0,1.74754557719367,0.487696048751522,0.291104431145414,0
08271000,camels_08271000_17863078,17863078,0,5,0,2.37735047700933,0.296087224205708,0.48400245009705,0
12186000,camels_12186000_24264875,24264875,0,54,0,0.307711123089427,-0.725626585364073,0.435652191884185,0
13161500,camels_13161500_23287111,23287111,0,135,0,1.86837452603498,-0.533792153359628,0.518679342368851,0
13023000,camels_13023000_24432173,24432173,0,142,0,1.30549121079233,-0.46263685443009,0.646858624758436,0
13018300,camels_13018300_24432663,24432663,0,1,0,1.49519893728156,-0.472201098278157,0.65711853695655,0
13011900,camels_13011900_23123209,23123209,0,94,0,1.14165396721462,-0.3924069285412,0.704607069419076,0
13011500,camels_13011500_23123373,23123373,0,39,0,1.10894054860902,-0.466171927696857,0.658713268212353,0
12451000,camels_12451000_23073999,23073999,0,100,0,0.477409714857793,-0.884485818180455,0.716767081202258,0
12447390,camels_12447390_24384943,24384943,0,7,0,0.855149970177677,-0.598365157974179,0.777311497508566,0
12411000,camels_12411000_24373072,24373072,0,108,0,0.635823643691243,-0.629830735188028,0.464485512558355,0
12390700,camels_12390700_22976274,22976274,0,52,0,0.951284933864594,-0.570743352705178,0.519487009712609,0
12381400,camels_12381400_24356091,24356091,0,18,0,0.973110214859788,-0.448815248226545,0.594005153419735,0
12377150,camels_12377150_24356265,24356265,0,5,0,0.6113163325292,-0.506418955974187,0.719886653780668,0
12375900,camels_12375900_24356439,24356439,0,3,0,0.696052767514438,-0.377041201206828,0.606515526539202,0
12189500,camels_12189500_24264763,24264763,0,225,0,0.344164436723721,-0.768302049675756,0.457875714546575,0
12178100,camels_12178100_24255169,24255169,0,8,0,0.329454412703674,-0.742026993997487,0.52956688772688,0
12048000,camels_12048000_23997388,23997388,0,48,0,0.527308755443305,-0.832100885006006,0.498197653251076,0
12175500,camels_12175500_24255219,24255219,0,32,0,0.400719733521145,-0.807394144284405,0.690360443229126,0
12167000,camels_12167000_24274653,24274653,0,76,0,0.290659988765386,-0.674928925450971,0.131187744738816,0
12147500,camels_12147500_23970779,23970779,0,17,0,0.24489662606195,-0.624961419810416,0.159041201436992,0
12145500,camels_12145500_23970215,23970215,1,11,0,0.373733477983463,-0.6247650645752,0.0448546378807159,1
12144000,camels_12144000_23970271,23970271,0,30,0,0.306710255194307,-0.708525845773193,0.220551545924003,0
12143600,camels_12143600_23970289,23970289,0,23,0,0.273055298374046,-0.724225414611769,0.311622046373118,0
12117000,camels_12117000_24537924,24537924,0,6,0,0.305977750941276,-0.631783882068595,0.12519943348901,0
12115000,camels_12115000_24537996,24537996,0,14,0,0.274420154384387,-0.734735364707825,0.338944352402744,0
12114500,camels_12114500_24538014,24538014,0,9,0,0.273299790140021,-0.749731668845018,0.40651703888364,0
12092000,camels_12092000_23980479,23980479,0,29,0,0.285485029315853,-0.741601547344759,0.513670726431351,0
12082500,camels_12082500_24282122,24282122,0,40,0,0.419493270074965,-0.765813540300481,0.39878651405721,0
12073500,camels_12073500_23989205,23989205,1,1,0,0.712378117106727,-0.848989600963119,0.0156016658711511,1
12056500,camels_12056500_24285534,24285534,0,20,0,0.285516505379932,-0.850230308319252,0.338574932035289,0
13240000,camels_13240000_24177409,24177409,0,15,0,0.748671386862602,-0.753299475200395,0.726533471798391,0
13313000,camels_13313000_23551584,23551584,0,70,0,0.788086019761959,-0.795124136038187,0.744536050209931,0
13331500,camels_13331500_23436993,23436993,0,77,0,0.816008576944525,-0.578781575013216,0.55788094452843,0
14020000,camels_14020000_23648622,23648622,0,45,0,0.864898402179714,-0.725529420921196,0.355358222004398,0
14362250,camels_14362250_23935979,23935979,0,4,0,1.19539041561722,-0.985486234612357,0.141500009350329,0
14325000,camels_14325000_23914567,23914567,1,57,0,0.38660991574857,-0.952055320860745,0.0302033920558714,1
14316700,camels_14316700_23894572,23894572,0,80,0,0.501305088892464,-0.821172341608197,0.176336580742005,0
14309500,camels_14309500_23901147,23901147,1,31,0,0.627228059860258,-0.99584676909737,0.0612553691709827,1
14308990,camels_14308990_23901309,23901309,0,23,0,0.838265359848173,-0.939672347482557,0.135825515539971,0
14306500,camels_14306500_23886298,23886298,1,105,0,0.471445248538521,-0.955287474236705,0.0202982706122534,1
14306340,camels_14306340_23887140,23887140,1,1,0,0.376647538583815,-0.957137254967396,0.0693804146431187,1
14305500,camels_14305500_23880874,23880874,1,62,0,0.325769239215451,-0.941268078033622,0.0257414277847911,1
14303200,camels_14303200_23876773,23876773,1,1,0,0.322802335415838,-0.9368790041152,0.088754104072909,1
14301000,camels_14301000_23871899,23871899,1,225,0,0.487712112009161,-0.872838457545653,0.0324798903206775,1
14236200,camels_14236200_24249034,24249034,0,38,0,0.363938726260902,-0.755524837851228,0.11471395531314,0
14222500,camels_14222500_24241689,24241689,1,47,0,0.291730996681997,-0.809733374446403,0.0900274241194852,1
14216500,camels_14216500_24242219,24242219,0,42,0,0.281516771919788,-0.862675585578504,0.295816183757834,0
14187000,camels_14187000_23785723,23785723,1,21,0,0.413333697112885,-0.802366922987962,0.0895194173938424,1
14185900,camels_14185900_23786019,23786019,0,37,0,0.333461204861607,-0.831676864804668,0.187297518505713,0
14185000,camels_14185000_23785793,23785793,0,58,0,0.387958147507602,-0.816394543593238,0.178107252284554,0
14182500,camels_14182500_23780805,23780805,0,35,0,0.348922315497932,-0.816474001229827,0.146759311242181,0
14166500,camels_14166500_23763161,23763161,1,28,0,0.60773066728035,-0.938408307664383,0.0106763012784076,1
14158790,camels_14158790_23773393,23773393,0,5,0,0.360883400097528,-0.848302012738069,0.365056630377127,0
14154500,camels_14154500_23759452,23759452,0,77,0,0.487815409541157,-0.791752785612457,0.135550710091939,0
14141500,camels_14141500_23735991,23735991,0,8,0,0.290755063782449,-0.77064158906224,0.142882264769743,0
14139800,camels_14139800_23736041,23736041,0,6,0,0.266625319168622,-0.779634055122721,0.183197955663698,0
14138900,camels_14138900_23736091,23736091,0,3,0,0.238185171087227,-0.794238099646857,0.221358389006793,0
14138870,camels_14138870_23736433,23736433,0,2,0,0.251662261378409,-0.789831728059055,0.229049355466927,0
14138800,camels_14138800_23736071,23736071,0,3,0,0.270945979187767,-0.814759416733027,0.317266212149897,0
14137000,camels_14137000_23735817,23735817,0,82,0,0.321610371458466,-0.812603551153141,0.324496374801996,0
14096850,camels_14096850_23719315,23719315,0,45,0,1.14418979077214,-0.875082067723658,0.244750228496234,0
12054000,camels_12054000_24287056,24287056,0,20,0,0.477626564487086,-0.86955029595991,0.379149578248129,0
12041200,camels_12041200_23838194,23838194,0,83,0,0.309795710452276,-0.791239499167139,0.179574104744132,0
08324000,camels_08324000_17826714,17826714,0,161,0,1.99998022021435,0.238578720782526,0.365429081915842,0
09378170,camels_09378170_3272718,3272718,0,3,0,1.79195543700725,-0.214865457055792,0.504005221672301,0
09513780,camels_09513780_20415812,20415812,1,29,0,2.98463247875145,-0.41328119859161,0.0042560892003911,0
09510200,camels_09510200_20440676,20440676,1,54,0,2.77086082477676,-0.506326723575148,0.0061243701078094,0
09508300,camels_09508300_20437386,20437386,1,12,0,2.5135428988747,-0.313558149973627,0.0401188085303456,0
09505800,camels_09505800_20435246,20435246,0,79,0,1.84042815041501,-0.288764539660116,0.284069099376475,0
09505350,camels_09505350_20454522,20454522,0,50,0,2.0688973747877,-0.295894841260577,0.198936492502152,0
09497980,camels_09497980_22440682,22440682,1,69,0,2.15334872698244,-0.300091371531015,0.0796650506390503,0
09494000,camels_09494000_20487236,20487236,0,209,0,1.81494753246836,0.0934968282109784,0.235554110470522,0
09492400,camels_09492400_20488504,20488504,0,16,0,1.87651453731585,0.0968810012840745,0.271766261706385,0
09484600,camels_09484600_15894416,15894416,1,146,0,2.93162559497367,0.426710730808294,0.0101482581857307,0
09447800,camels_09447800_21327929,21327929,1,93,0,3.0393345221577,0.138870714606984,0.0394826699276366,0
09430600,camels_09430600_2430436,2430436,0,20,0,2.68197593672729,0.304849604458688,0.21287165392999,0
09404450,camels_09404450_10025746,10025746,0,24,0,2.85993908836293,-0.41673225738676,0.423599939585063,0
09386900,camels_09386900_20572245,20572245,0,24,0,2.47512570084394,0.141078799713188,0.307507544080434,0
09352900,camels_09352900_17034197,17034197,0,25,0,1.24164677274948,-0.121127623317105,0.633893898746821,0
12040500,camels_12040500_23844955,23844955,1,139,0,0.232886187951406,-0.771170718407054,0.0670917839751389,1
09312600,camels_09312600_3906361,3906361,0,27,0,2.37045884744146,-0.467531288722725,0.604725963590861,0
09223000,camels_09223000_3192546,3192546,0,42,0,1.57738701536144,-0.517345656223153,0.698323179997837,0
09210500,camels_09210500_18354249,18354249,0,58,0,1.90175464874652,-0.4561881176826,0.65472507476901,0
09107000,camels_09107000_1333022,1333022,0,46,0,1.68527917783876,-0.218958365029157,0.672583021372504,0
09081600,camels_09081600_1326465,1326465,0,46,0,1.50276206476727,-0.382230499115901,0.66474212387336,0
09066300,camels_09066300_1319214,1319214,0,1,0,1.48639206321979,-0.287301431182188,0.688317497264152,0
09066200,camels_09066200_1320244,1320244,0,2,0,1.39822318572433,-0.293969647169305,0.712216418137875,0
09066000,camels_09066000_1320274,1320274,0,5,0,1.53003691051899,-0.249202848544132,0.682272756610747,0
09065500,camels_09065500_1320264,1320264,0,4,0,1.44701296024584,-0.27966308010275,0.715530725661926,0
09047700,camels_09047700_1314083,1314083,0,1,0,1.924953095141,-0.0734163437909616,0.626945100722261,0
09035900,camels_09035900_1238533,1238533,0,7,0,1.43870994561462,-0.228658264310239,0.689823885415144,0
05508805,camels_05508805_4867221,4867221,1,68,0,0.938201805052775,0.322870999886847,0.075793058486455,1
08378500,camels_08378500_20815180,20815180,0,49,0,1.60277067815171,0.3166178368209,0.449989328985624,0
10234500,camels_10234500_1215135,1215135,0,26,0,2.06412510868143,-0.307748403888196,0.632069679226265,0
10244950,camels_10244950_11339045,11339045,0,3,0,2.60998508002766,-0.339570347459461,0.656356436998628,0
10336645,camels_10336645_8941733,8941733,0,3,0,0.85251498905137,-1.13259476951045,0.665304872565722,0
10343500,camels_10343500_8933522,8933522,0,4,0,1.10048955004278,-1.13297643348557,0.714981248450698,0
12035000,camels_12035000_23856727,23856727,1,101,0,0.283383525045772,-0.836194748180532,0.0220218880896681,1
12025700,camels_12025700_23850773,23850773,1,16,0,0.401945393510085,-0.756418416955034,0.0905767573548292,1
12020000,camels_12020000_23850487,23850487,1,35,0,0.365324618784107,-0.776441726381411,0.043553396693619,1
12013500,camels_12013500_23864616,23864616,1,41,0,0.307887945024255,-0.799300790861898,0.0174156764185481,1
12010000,camels_12010000_23864404,23864404,1,19,0,0.248125021368031,-0.761099630000785,0.0236362361738051,1
11532500,camels_11532500_22226812,22226812,1,202,0,0.415562691364628,-1.01985500319712,0.0485353765496996,1
11528700,camels_11528700_8232392,8232392,0,270,0,0.967168980232284,-1.15290179155976,0.271305322327506,0
11523200,camels_11523200_8242324,8242324,0,48,0,0.873610510075229,-1.05508885112035,0.431707151976883,0
11522500,camels_11522500_8261865,8261865,0,242,0,1.03924702194494,-1.05325692398518,0.249129777057898,0
11482500,camels_11482500_8315607,8315607,1,91,0,0.549738949383278,-1.10737992943366,0.0131812044990649,1
11481200,camels_11481200_8315847,8315847,1,14,0,0.542955641933983,-1.10987524162451,0.0016368255310898,1
11480390,camels_11480390_8320019,8320019,0,32,0,0.857180771220159,-1.19372980931363,0.299512506046178,0
11478500,camels_11478500_2705477,2705477,0,77,0,0.597842776407168,-1.16492451411008,0.157314421019928,0
11476600,camels_11476600_8284190,8284190,1,12,0,0.481220231116971,-1.18265333743477,0.0120106292964887,1
11475560,camels_11475560_8287590,8287590,0,2,0,0.593707237694584,-1.2196940463543,0.138629337971597,0
11473900,camels_11473900_8295207,8295207,0,267,0,0.765788084398152,-1.23057444747983,0.262478357358648,0
11468500,camels_11468500_2665525,2665525,1,34,0,0.758373198904518,-1.23546999671213,0.000524205133848,1
11451100,camels_11451100_8005975,8005975,0,21,0,0.874677156546198,-1.27449004042401,0.123536359034925,0
11381500,camels_11381500_8019544,8019544,0,43,0,1.00081434758684,-1.10293931683941,0.165026130486202,0
11284400,camels_11284400_17078425,17078425,1,6,0,1.23305427619134,-1.23943957791438,0.0365047230850116,1
11266500,camels_11266500_21609641,21609641,0,108,0,1.12767758222952,-1.19424341977032,0.885217452223562,0
11264500,camels_11264500_21609533,21609533,0,62,0,1.15430436685117,-1.19626174293008,0.90632692590849,0
11151300,camels_11151300_8205487,8205487,1,67,0,2.73467960628554,-1.39261155528791,0.0038403901400884,0
11148900,camels_11148900_8209965,8209965,1,50,0,1.20442415926086,-1.39765675666108,0.003526794606684,1
11143000,camels_11143000_8189809,8189809,1,13,0,0.910522429870012,-1.35835234725653,0.0254379399486261,1
11141280,camels_11141280_8193647,8193647,1,7,0,1.46074849311564,-1.37078002415965,0.0007877803924076,1
11124500,camels_11124500_17611425,17611425,1,24,0,1.5527632585675,-1.43546089515177,0.0230381055615776,0
05525500,camels_05525500_13454068,13454068,1,145,0,0.866430264196892,0.320439505090912,0.0775662992910571,1
05495500,camels_05495500_5802188,5802188,1,118,0,0.920609756946551,0.38050476374675,0.0758324970984556,1
05507600,camels_05507600_4868933,4868933,1,30,0,1.22248563339614,0.326668711271449,0.0742633892998097,1
02013000,camels_02013000_8525587,8525587,1,47,0,0.854849670874662,0.109973830766796,0.0979143372407574,1
02053800,camels_02053800_8629303,8629303,1,36,0,0.826339256900167,0.151225610748777,0.0938172550300136,1
02053200,camels_02053200_8746117,8746117,1,73,0,0.838932113620677,0.202374232071145,0.0248316831845784,1
02051500,camels_02051500_8741021,8741021,1,175,0,0.933139045567573,0.120039306078787,0.0525514965704711,1
02046000,camels_02046000_8719481,8719481,1,35,0,0.840977572390861,0.130911756579488,0.0453728268084367,1
02038850,camels_02038850_8611825,8611825,1,3,0,0.917397176800705,0.0577604953967109,0.0655225978510027,1
02028500,camels_02028500_8547459,8547459,1,25,0,0.780713214566435,0.150820449112661,0.0802569579048301,1
02027500,camels_02027500_8549853,8549853,0,15,0,0.720432416504928,0.118218557988777,0.100786018307687,0
02027000,camels_02027000_8547581,8547581,1,30,0,0.762651740364609,0.122126478920976,0.0904732223814793,1
02018000,camels_02018000_8522521,8522521,1,90,0,0.857652049335285,0.134268102907456,0.0849686144296571,1
02017500,camels_02017500_8525659,8525659,1,29,0,0.859102086896714,0.140471368476262,0.0901845265568014,1
02016000,camels_02016000_8523325,8523325,0,84,0,0.818432908034564,0.100530522771781,0.102077363429123,0
02015700,camels_02015700_8520749,8520749,0,18,0,0.794159061691014,0.0805015435765321,0.128567248718796,0
02014000,camels_02014000_8525619,8525619,1,46,0,0.815640645940571,0.119622697334622,0.0978680841760858,1
02011400,camels_02011400_8520617,8520617,0,19,0,0.773300582733942,0.0716663925589396,0.129154721501962,0
02056900,camels_02056900_8626863,8626863,1,43,0,0.850885666418803,0.134597170430821,0.0646059372808137,1
01669520,camels_01669520_8457352,8457352,1,37,0,0.821882107515423,0.177758044868111,0.0368199149910729,1
01669000,camels_01669000_8479268,8479268,1,9,0,0.83768415454556,0.163706744271302,0.0412059832430486,1
01667500,camels_01667500_8467225,8467225,1,145,0,0.837958664027232,0.178906478344439,0.0788117934771709,1
01666500,camels_01666500_8468559,8468559,1,58,0,0.830427923940219,0.184505365979813,0.0822553978033295,1
01664000,camels_01664000_8465429,8465429,1,133,0,0.816761157468489,0.174188172204434,0.0827964257846037,1
01644000,camels_01644000_4507266,4507266,1,104,0,0.83919192636056,0.156688497997198,0.084351798741144,1
01639500,camels_01639500_8449082,8449082,1,35,0,0.784134742605576,0.0731741829672151,0.0961263501421113,1
01638480,camels_01638480_4505612,4505612,1,28,0,0.843032468874146,0.129989148700473,0.0845583823488279,1
01634500,camels_01634500_8440459,8440459,0,34,0,0.847100213160832,0.217653092829487,0.114828393813144,0
01632900,camels_01632900_8441303,8441303,1,15,0,0.891584987779941,0.21511509838191,0.0980763292373855,1
01632000,camels_01632000_8441037,8441037,0,48,0,0.869994138595365,0.219424492400899,0.110024870103334,0
01606500,camels_01606500_8423278,8423278,0,207,0,0.742997773725896,0.0995538398003471,0.148750518921295,0
01605500,camels_01605500_8423458,8423458,0,55,0,0.784054676164488,0.0983997937787151,0.137136101417764,0
02055100,camels_02055100_8627131,8627131,1,4,0,0.871782559697856,0.142290996689215,0.0622119918873982,1
02059500,camels_02059500_8627301,8627301,1,56,0,1.03278563068892,0.0975953355825221,0.0529389162953181,1
02216180,camels_02216180_6383975,6383975,1,18,0,0.935456888319936,0.0070646098978965,0.000534865436369,1
02128000,camels_02128000_9210446,9210446,1,37,0,0.90650173149823,0.0530263818075362,0.0256704433801346,1
02212600,camels_02212600_6335902,6335902,1,19,0,1.19152635666562,-0.0972154298650485,0.0090237999831922,1
02202600,camels_02202600_9944858,9944858,1,71,0,0.947223343180927,0.181096073310395,0.000456804897604,1
02198100,camels_02198100_9978327,9978327,1,10,0,1.08556291136719,0.0761429488063379,0.0030935926215692,1
02196000,camels_02196000_11730030,11730030,1,173,0,1.17487499603669,-0.0168230878908123,0.014697822503637,1
02193340,camels_02193340_6289497,6289497,1,13,0,0.923836752442295,-0.0721573978685463,0.0127448828346305,1
02178400,camels_02178400_6267840,6267840,1,17,0,0.539438246357037,-0.0770469741459704,0.033836252850455,1
02177000,camels_02177000_6269342,6269342,1,66,0,0.523147061580375,-0.0368598641018398,0.0267395574591906,1
02152100,camels_02152100_12034181,12034181,1,19,0,0.824102823348621,0.0081675846843485,0.0300807469143999,1
02149000,camels_02149000_12036581,12036581,1,24,0,0.78346569821652,0.0478472780280605,0.029590457635321,1
02143040,camels_02143040_9745600,9745600,1,12,0,0.694642345625586,0.0074502554255376,0.0345610698452001,1
02143000,camels_02143000_9745122,9745122,1,34,0,0.787593203002362,0.0189528900594071,0.0313262156816952,1
02140991,camels_02140991_9752476,9752476,1,70,0,0.742629963736516,0.0809251831617219,0.0420384668349782,1
02137727,camels_02137727_9754776,9754776,1,41,0,0.69481449122579,0.0433707275701464,0.0405315310761795,1
02118500,camels_02118500_9233605,9233605,1,49,0,0.816058072432033,0.0645013209437337,0.0413708350211441,1
02064000,camels_02064000_8647998,8647998,1,55,0,0.945386107745239,0.06366846950694,0.0606011692596163,1
02111500,camels_02111500_9250814,9250814,1,32,0,0.821961649984469,0.0689831421155967,0.0523692516718814,1
02111180,camels_02111180_9251726,9251726,1,18,0,0.732206984794584,0.0890534368813299,0.0460568781002514,1
02108000,camels_02108000_10525935,10525935,1,215,0,0.841870741382891,0.275438917371904,0.0092819261110396,1
02102908,camels_02102908_8849951,8849951,1,3,0,0.900045746889787,0.17119043776273,0.0235111757954398,1
02096846,camels_02096846_8895436,8895436,1,2,0,0.953360167435634,0.101371880842616,0.0392525452032849,1
02092500,camels_02092500_10976591,10976591,1,51,0,0.863859620045243,0.252330607045602,0.0120832517590196,1
02082950,camels_02082950_10511316,10511316,1,52,0,0.967803302924102,0.178218747307137,0.0329927432325966,1
02081500,camels_02081500_8760623,8760623,1,52,0,0.854582086599984,0.0972699197764954,0.0436247713972968,1
02077200,camels_02077200_8701361,8701361,1,13,0,0.872634286050719,0.0711893440034286,0.0489889008542847,1
02074500,camels_02074500_8673535,8673535,1,35,0,1.04628781185798,0.0937371269589525,0.0524690208413809,1
02070000,camels_02070000_8673051,8673051,1,36,0,1.13976222236601,0.113889877847509,0.0508621647943431,1
02069700,camels_02069700_8675163,8675163,1,32,0,0.771274830789032,0.127439248596637,0.0533951587612168,1
02065500,camels_02065500_8648830,8648830,1,33,0,1.17952007312905,0.0563549496136721,0.0617139970732649,1
01596500,camels_01596500_14364088,14364088,0,16,0,0.735266198306452,0.101570564796358,0.188402157557544,0
01594950,camels_01594950_14365490,14365490,0,1,0,0.625699983870776,0.0678195614528781,0.189214297334908,0
01591400,camels_01591400_11907272,11907272,1,8,0,0.798788001151812,0.0762067370568662,0.0838764227317032,1
01162500,camels_01162500_9343363,9343363,0,9,0,0.596661752063771,0.0474461468819081,0.226769184680043,0
01414500,camels_01414500_1748611,1748611,0,2,0,0.560241764977201,0.154116607149121,0.216628505016047,0
01413500,camels_01413500_1748583,1748583,0,20,0,0.583102020770268,0.146606145385192,0.216908033968228,0
01411300,camels_01411300_9436435,9436435,1,9,0,0.79829446997973,0.0485622074537191,0.0480948550351646,1
01365000,camels_01365000_6200212,6200212,0,8,0,0.546833503767649,0.122173899478694,0.202270211093681,0
01350140,camels_01350140_3247552,3247552,0,3,0,0.639883125621386,0.15749326322031,0.219859026682811,0
01350080,camels_01350080_3247464,3247464,0,4,0,0.641037691812962,0.145064802029245,0.221156578322867,0
01350000,camels_01350000_3247466,3247466,0,28,0,0.580392881071257,0.111819706171743,0.231159657658639,0
01333000,camels_01333000_22290373,22290373,0,8,0,0.597283085492449,0.146314738839023,0.222244968016498,0
01195100,camels_01195100_6177558,6177558,0,3,0,0.639240948040801,-0.0022796520040119,0.106042892091717,0
01187300,camels_01187300_6105951,6105951,0,8,0,0.57727769906224,0.0873629542971678,0.201269335695146,0
01181000,camels_01181000_6096297,6096297,0,30,0,0.593993318681319,0.0919323135470982,0.217563041040592,0
01170100,camels_01170100_10294622,10294622,0,13,0,0.575873759926214,0.0655190976178011,0.234653735405934,0
01169000,camels_01169000_10294784,10294784,0,30,0,0.574450648160949,0.0638282505914665,0.238972605896079,0
01144000,camels_01144000_6084503,6084503,0,217,0,0.630759674709817,0.191150163759349,0.248466348504845,0
01586610,camels_01586610_11688538,11688538,1,8,0,0.769836246481542,0.080269251363156,0.088413478566147,1
01142500,camels_01142500_6083547,6083547,0,9,0,0.647740582076158,0.174619920121052,0.252307890542821,0
01139800,camels_01139800_4573939,4573939,0,3,0,0.643915671936808,0.225579083207184,0.26232897318021,0
01139000,camels_01139000_4573927,4573927,0,29,0,0.674413209612946,0.232161714254733,0.246562671549799,0
01137500,camels_01137500_4594599,4594599,0,24,0,0.538138265121706,0.171647707579182,0.301814975818189,0
01134500,camels_01134500_4570675,4570675,0,22,0,0.603244622366455,0.228672352531939,0.280582089228151,0
01123000,camels_01123000_6162981,6162981,0,6,0,0.603082478614581,-0.0011900305717459,0.136053399026134,0
01078000,camels_01078000_6731199,6731199,0,24,0,0.613026372714384,0.110482096549246,0.23971852199071,0
01073000,camels_01073000_5845058,5845058,0,5,0,0.63020261356176,0.0303700126107958,0.17503243505174,0
01057000,camels_01057000_6711893,6711893,0,17,0,0.597323619284961,0.07913684920672,0.251157672769098,0
01055000,camels_01055000_6709987,6709987,0,16,0,0.599062793707035,0.167229040772146,0.306048851694867,0
01054200,camels_01054200_6716129,6716129,0,13,0,0.523306104932953,0.104959634640742,0.299641539662879,0
01052500,camels_01052500_19334265,19334265,0,28,0,0.561914458543945,0.152096802769543,0.352698254049326,0
01047000,camels_01047000_3321976,3321976,0,81,0,0.628929335570973,0.147775613761867,0.280118126940736,0
01415000,camels_01415000_1748589,1748589,0,6,0,0.593013196113873,0.147821520346755,0.213452184948768,0
01423000,camels_01423000_2613578,2613578,0,71,0,0.601215979319906,0.142460684938053,0.217830297712483,0
01434025,camels_01434025_4147946,4147946,0,1,0,0.512155357688285,0.134901264841231,0.23781373120698,0
01435000,camels_01435000_4147956,4147956,0,17,0,0.532018806954623,0.134640859394044,0.223616269388589,0
01583500,camels_01583500_11687656,11687656,1,21,0,0.782586732679167,0.084653816923074,0.0807286497637625,1
01580000,camels_01580000_4726301,4726301,1,36,0,0.736437396011053,0.0846330195094805,0.0816880923954386,1
01568000,camels_01568000_4710668,4710668,0,64,0,0.72827972735798,0.104799526495014,0.128510858031358,0
01567500,camels_01567500_4710396,4710396,0,4,0,0.757527404378139,0.112811392208755,0.126036065938383,0
01557500,camels_01557500_4683152,4683152,0,14,0,0.748341846336992,0.142811219027817,0.15867182381751,0
01552500,camels_01552500_8151091,8151091,0,9,0,0.632609791042611,0.13878699868632,0.185169707979555,0
01552000,camels_01552000_8152257,8152257,0,156,0,0.664844849124805,0.153983558785624,0.17305912288721,0
01550000,camels_01550000_8152817,8152817,0,56,0,0.680435161645977,0.154280420357333,0.179825512854574,0
01549500,camels_01549500_8144818,8144818,0,11,0,0.688371175474727,0.149932720435469,0.186519052942025,0
01548500,camels_01548500_8144622,8144622,0,198,0,0.720435520609989,0.179163892505052,0.202088630482319,0
01547700,camels_01547700_8139414,8139414,0,14,0,0.748768234250764,0.138997636961363,0.156172998266035,0
01545600,camels_01545600_8134878,8134878,0,14,0,0.678972097109243,0.170227599082201,0.192645540908709,0
01544500,camels_01544500_8134650,8134650,0,46,0,0.681041146480069,0.169194741715045,0.20336289315932,0
01543500,camels_01543500_8127609,8127609,0,234,0,0.669983479391203,0.17043837870638,0.181653610941671,0
01543000,camels_01543000_8127529,8127529,0,89,0,0.671582210369935,0.171896450036472,0.188056577083995,0
01542810,camels_01542810_8125917,8125917,0,2,0,0.662887974635193,0.176183031608911,0.189716485804691,0
01539000,camels_01539000_2603023,2603023,0,94,0,0.689397292241646,0.139032279637061,0.156285913306627,0
01532000,camels_01532000_4199144,4199144,0,75,0,0.718889115490327,0.165405170969813,0.176741266621108,0
01518862,camels_01518862_8111873,8111873,0,26,0,0.748038710131879,0.219951114054223,0.201111344911574,0
01510000,camels_01510000_9420683,9420683,0,50,0,0.647206696488938,0.140558277002909,0.237057400622962,0
01491000,camels_01491000_9407484,9407484,1,39,0,0.784386246778647,0.0812091871751497,0.0500257211233794,1
01487000,camels_01487000_8392898,8392898,1,26,0,0.780934310387804,0.087683751380464,0.0424689894259026,1
01484100,camels_01484100_8077030,8077030,1,1,0,0.783619502182434,0.086186780114633,0.042571686471381,1
01451800,camels_01451800_4187713,4187713,0,19,0,0.690467501571846,0.106707705141109,0.128362665991427,0
01440400,camels_01440400_4153166,4153166,0,21,0,0.622481152138559,0.115866620943282,0.172223371092882,0
01440000,camels_01440000_4151302,4151302,0,21,0,0.660024329042491,0.107574487206617,0.147767408338048,0
01439500,camels_01439500_4153168,4153168,0,37,0,0.636544584519553,0.117754852021999,0.163765228832016,0
02215100,camels_02215100_6365072,6365072,1,55,0,0.941659651451117,-0.0409869802640485,0.0010333057458655,1
02221525,camels_02221525_1056599,1056599,1,62,0,0.935484660776579,-0.091209428289791,0.0095385192188569,1
05503800,camels_05503800_5640210,5640210,1,25,0,0.875087115769595,0.376372837668318,0.0832843857982754,1
03504000,camels_03504000_19736561,19736561,1,23,0,0.481675820282915,-0.0776271198044347,0.0589912291417263,1
04105700,camels_04105700_3473077,3473077,0,8,0,0.830361663811915,0.228083218303704,0.154578943663624,0
04074950,camels_04074950_9027875,9027875,0,122,0,0.975652674773615,0.534512715369945,0.203272983314769,0
04059500,camels_04059500_6860182,6860182,0,81,0,1.06958884378108,0.380564370968015,0.235319790957285,0
04057800,camels_04057800_11959338,11959338,0,15,0,0.823184139876562,0.257919993575317,0.334246736484748,0
04057510,camels_04057510_272589,272589,0,37,0,0.864030985864762,0.274350841630493,0.253134692886369,0
04045500,camels_04045500_12186641,12186641,0,155,0,1.08935598414372,0.143003212563258,0.300079815277018,0
04043050,camels_04043050_11937201,11937201,0,9,0,1.0553713361417,0.219573737736963,0.299401075000363,0
04040500,camels_04040500_11930606,11930606,0,45,0,0.926734185681405,0.307721220589675,0.309607600434067,0
04027000,camels_04027000_1815879,1815879,0,197,0,0.847019849630856,0.459768532097639,0.235000084730923,0
04024430,camels_04024430_1799897,1799897,0,118,0,0.900772056231798,0.68295473815276,0.1608667587394,0
03604000,camels_03604000_19504798,19504798,1,147,0,0.681435564114909,-0.134235660399537,0.0255990760932844,1
03592718,camels_03592718_19582151,19582151,1,8,0,0.879720202270209,-0.138466454495008,0.0149109120314144,1
03574500,camels_03574500_19621426,19621426,1,107,0,0.665991519948698,-0.173452400201009,0.0200681785915394,1
03500000,camels_03500000_19736555,19736555,1,50,0,0.543330757121649,-0.0811899160520957,0.0292489179120406,1
04122500,camels_04122500_8992044,8992044,0,129,0,0.846111377036028,0.201226998104088,0.184317913063151,0
03498500,camels_03498500_22130235,22130235,1,89,0,0.611350427366638,-0.0310991119176905,0.0343707789266315,1
03488000,camels_03488000_19761976,19761976,1,72,0,0.797701713178126,0.0988846609521179,0.0815490515140822,1
03479000,camels_03479000_19743430,19743430,1,30,0,0.670428982707011,0.109819057850403,0.0904171237520879,1
03473000,camels_03473000_19752425,19752425,1,109,0,0.740113764114789,0.090562164899597,0.0832667330515825,1
03471500,camels_03471500_19752335,19752335,1,27,0,0.762952417284732,0.105286957457578,0.0838711696088708,1
03463300,camels_03463300_19490270,19490270,1,20,0,0.669004111304784,0.0379202786522028,0.0849163900758962,1
03460000,camels_03460000_22151401,22151401,1,18,0,0.59331988313977,0.0256759801789374,0.077253343718732,1
03456500,camels_03456500_22152435,22152435,1,20,0,0.577832378851099,0.0557590848169392,0.0638736766495558,1
03455500,camels_03455500_22152669,22152669,1,9,0,0.590245305763732,0.0638700322383783,0.0774314166204897,1
03439000,camels_03439000_22165090,22165090,1,23,0,0.489039101463711,0.0210712593748749,0.0374660918206049,1
03384450,camels_03384450_11868270,11868270,1,15,0,0.744502200289791,-0.0741546672622545,0.0496725306242436,1
03368000,camels_03368000_18450047,18450047,1,1,0,0.731491949625814,0.109334032224163,0.0670858663666364,1
03366500,camels_03366500_18451023,18451023,1,77,0,0.71663146763711,0.103580453208449,0.059067129172147,1
04122200,camels_04122200_904060094,904060094,0,87,0,0.844161873009632,0.176031411122328,0.175430988197981,0
04127997,camels_04127997_12502977,12502977,0,40,0,1.14211458691007,0.189064031666847,0.268061615104673,0
02231000,camels_02231000_18260325,18260325,1,106,0,0.915428139762131,0.414359340302195,0.0002359180653982,1
05393500,camels_05393500_13399941,13399941,0,28,0,0.873556936465714,0.583819247039892,0.19616986570515,0
05501000,camels_05501000_2925495,2925495,1,116,0,0.908715579008473,0.37291823453968,0.0805965933083467,1
05495000,camels_05495000_5802762,5802762,1,133,0,0.914279499523595,0.488646008005251,0.0965623589589288,1
05489000,camels_05489000_4994047,4994047,1,113,0,0.908419707294955,0.603570354309792,0.0977424681708028,1
05488200,camels_05488200_4995875,4995875,0,29,0,0.911920102668898,0.606905242531454,0.10182137585369,0
05487980,camels_05487980_22251995,22251995,1,106,0,0.90467101426818,0.613011766762408,0.0964519167641938,1
05466500,camels_05466500_6960295,6960295,0,148,0,0.894159243629859,0.409918998753446,0.107102802145215,0
05458000,camels_05458000_7016531,7016531,0,94,0,0.879679828428681,0.727605612968709,0.122540965691067,0
05454000,camels_05454000_11915429,11915429,0,10,0,0.868949342348529,0.570875786406306,0.102381239516297,0
05444000,camels_05444000_10605920,10605920,0,50,0,0.849098383607968,0.44883436444549,0.113352332875094,0
05414000,camels_05414000_13324402,13324402,0,47,0,0.841185945747515,0.595308071318601,0.123542293769616,0
05413500,camels_05413500_13324626,13324626,0,95,0,0.861296507698511,0.607552984594074,0.124159245932601,0
05408000,camels_05408000_13624991,13624991,0,95,0,0.894639096817102,0.625557299997423,0.140156645371,0
05399500,camels_05399500_14733228,14733228,0,74,0,0.932324721609175,0.641754841410851,0.156958255923397,0
05362000,camels_05362000_12981697,12981697,0,165,0,0.882623749043753,0.623901120098162,0.174430982504896,0
04185000,camels_04185000_15662050,15662050,0,125,0,0.918176017959052,0.225802839513107,0.125203448992686,0
05291000,camels_05291000_4085588,4085588,0,123,0,1.28927581965823,0.75120196348746,0.148874500915531,0
05120500,camels_05120500_14172539,14172539,0,47,0,1.55418431767856,0.80189939400823,0.19176626992326,0
05057200,camels_05057200_14269214,14269214,0,65,0,1.40396705405342,0.916413868842179,0.141789208175196,0
04296000,camels_04296000_4599789,4599789,0,29,0,0.605973313623426,0.202147030473631,0.273317826422307,0
04256000,camels_04256000_15514388,15514388,0,30,0,0.602345769198956,0.0439508855376359,0.279703584506989,0
04224775,camels_04224775_15547935,15547935,0,29,0,0.770214603947025,0.227626116992814,0.204650190587357,0
04221000,camels_04221000_15550135,15550135,0,86,0,0.715016154973943,0.219528466253919,0.207214753166224,0
04216418,camels_04216418_15569391,15569391,0,26,0,0.707685432418121,0.13793310588948,0.225393876789264,0
04213075,camels_04213075_9841436,9841436,0,1,0,0.708554103101673,0.152360047508136,0.160655070848624,0
04213000,camels_04213000_9841738,9841738,0,53,0,0.708590105319843,0.146118109580721,0.162227338465539,0
04197170,camels_04197170_15612196,15612196,0,12,0,0.889244814676699,0.197257299416675,0.10758495614117,0
04197100,camels_04197100_15612400,15612400,0,52,0,0.886387981160268,0.194850474617608,0.111863760810241,0
04196800,camels_04196800_15613832,15613832,1,86,0,0.917549783780215,0.199795051452418,0.099311648741759,1
03346000,camels_03346000_10337448,10337448,1,56,0,0.830536224621094,0.141508236825792,0.0621069652969445,1
03340800,camels_03340800_10207857,10207857,1,22,0,0.806079140134381,0.193085647558957,0.0732286680426859,1
03338780,camels_03338780_10080314,10080314,1,84,0,0.850923593043312,0.329598570052117,0.0725503193755769,1
02372250,camels_02372250_2323396,2323396,1,158,0,0.789447046689535,-0.0568992099341427,0.0034759991435446,1
02472500,camels_02472500_18157053,18157053,1,87,0,0.850170523970908,-0.126695081009657,0.002454389871356,1
02472000,camels_02472000_18154237,18154237,1,243,0,0.761749694589318,-0.163583171916359,0.0060147222598053,1
02469800,camels_02469800_21640642,21640642,1,55,0,0.801481745135746,-0.0991940795603835,0.003171649398055,1
02465493,camels_02465493_18208346,18208346,1,11,0,0.887814309233857,-0.139368466372467,0.0073106547528566,1
02464000,camels_02464000_18229143,18229143,1,69,0,0.702758861003255,-0.149259843649326,0.011217518412828,1
02450250,camels_02450250_18578829,18578829,1,29,0,0.694829563640326,-0.174753638268905,0.0142864105715527,1
02430085,camels_02430085_18693151,18693151,1,7,0,0.696297071183836,-0.16529164959451,0.0126767241295668,1
02427250,camels_02427250_21457950,21457950,1,71,0,0.982234134046432,-0.0847024819050709,0.0031810787432098,1
02415000,camels_02415000_22035157,22035157,1,67,0,0.739950416453852,-0.129686963311484,0.0124691410953683,1
02395120,camels_02395120_6498620,6498620,1,11,0,0.785075243893055,-0.103527325408786,0.0124894104226604,1
02384540,camels_02384540_12193270,12193270,1,3,0,0.565300162954493,-0.114014018888474,0.0316827871052048,1
02381600,camels_02381600_6478767,6478767,1,4,0,0.705656462845556,-0.110113878697568,0.0166377865167783,1
02374500,camels_02374500_933140017,933140017,1,59,0,0.984017506392218,-0.0268788548892592,0.0030425564536237,1
02371500,camels_02371500_2377281,2377281,1,162,0,0.792845349065351,-0.0453165947929238,0.0040171402581935,1
03291780,camels_03291780_10161364,10161364,1,8,0,0.713090047987719,0.0791105878293909,0.0673686532615331,1
02369800,camels_02369800_789206,789206,1,22,0,0.804666016945687,0.0380728503805569,0.0008723526438152,1
02363000,camels_02363000_2210130,2210130,1,146,0,1.05325583895308,-0.0564163038164559,0.0026556564479946,1
02361000,camels_02361000_2188031,2188031,1,218,0,0.831366316772442,-0.0359430925396891,0.0015124422847458,1
02350900,camels_02350900_6460293,6460293,1,174,0,0.868162800968536,-0.050833314877925,0.001767717746493,1
02349900,camels_02349900_6442680,6442680,1,18,0,0.930871960714825,-0.0312076865417968,0.0010817469729248,1
02299950,camels_02299950_16877194,16877194,1,20,0,0.888950523437675,0.74985991347247,0.0,1
02298608,camels_02298608_16837084,16837084,1,35,0,0.929740051492206,0.773908009142567,0.0,1
02298123,camels_02298123_16808187,16808187,1,46,0,0.956880908671743,0.824779155032658,0.0,1
02297310,camels_02297310_16807511,16807511,1,49,0,1.0523848479903,0.787050189212887,0.0,1
02297155,camels_02297155_16812461,16812461,1,7,0,0.974566036121598,0.759624424252745,0.0,1
02296500,camels_02296500_16806475,16806475,1,89,0,0.953196371846661,0.760373922903644,0.0,1
02246000,camels_02246000_16658901,16658901,1,49,0,0.887561340128634,0.453676111294111,0.0003326922230974,1
02245500,camels_02245500_16662855,16662855,1,33,0,1.01443871182188,0.48273170579318,0.0004366285424588,1
02479155,camels_02479155_18105412,18105412,1,16,0,0.722636760760893,-0.0405204366434495,0.0018026132328254,1
02479300,camels_02479300_18107248,18107248,1,138,0,0.695672783490976,0.0100866497787576,0.0007412865485982,1
02479560,camels_02479560_18094981,18094981,1,185,0,0.684968538202518,-0.0243605221446677,0.0008881841770739,1
02481000,camels_02481000_18070104,18070104,1,26,0,0.671087228362181,0.0456993299055388,0.0003653977736162,1
03285000,camels_03285000_1827630,1827630,1,91,0,0.76599226262447,-0.0166956408575432,0.0446468108120254,1
03281500,camels_03281500_503758,503758,1,236,0,0.702829354002637,0.0417899627585112,0.044067880842997,1
03280700,camels_03280700_487460,487460,1,18,0,0.684286744875158,0.008978127039132,0.0584460847843343,1
03241500,camels_03241500_3930910,3930910,1,21,0,0.818134918352433,0.161117606586146,0.0779467519548554,1
03237500,camels_03237500_1919636,1919636,1,128,0,0.791208265485269,0.0606166620277512,0.0787104016916548,1
03237280,camels_03237280_1920776,1920776,1,4,0,0.724090562731866,0.046001063387718,0.0847306381238598,1
03186500,camels_03186500_4547810,4547810,0,49,0,0.607053912650417,0.0469846565828001,0.1907316712122,0
03182500,camels_03182500_12105064,12105064,0,147,0,0.709211002944919,0.0375230123779968,0.170253081143655,0
03180500,camels_03180500_12103826,12103826,0,56,0,0.657195912789974,0.0351025247833449,0.195303023284764,0
03173000,camels_03173000_6908597,6908597,1,87,0,0.871041684309297,0.137115353774068,0.0942000993572573,1
03170000,camels_03170000_6884590,6884590,1,103,0,0.847882787013256,0.130431484041595,0.0945585836238721,1
03144000,camels_03144000_15380169,15380169,1,50,0,0.818973057801069,0.159603524796088,0.0936024048579887,1
03140000,camels_03140000_15400312,15400312,1,7,0,0.8385220422518,0.180956093452007,0.0894584784615066,1
03078000,camels_03078000_3808365,3808365,0,19,0,0.694560428136251,0.0904527772272066,0.194625437344426,0
03076600,camels_03076600_3808829,3808829,0,18,0,0.667607078708349,0.0719940585445489,0.189395500517419,0
03070500,camels_03070500_3773681,3773681,0,63,0,0.658030329207678,0.0800223526604417,0.144725592442485,0
03069500,camels_03069500_3775993,3775993,0,231,0,0.600544180286688,0.0685163705935231,0.194644630432116,0
03050000,camels_03050000_4353002,4353002,0,63,0,0.640477532041291,0.0795221772161191,0.158964457158934,0
03049800,camels_03049800_11049744,11049744,0,2,0,0.803693993553846,0.128476117724567,0.116341909362209,0
03049000,camels_03049000_11049880,11049880,0,43,0,0.722669988166999,0.138944311915125,0.139333377128464,0
03028000,camels_03028000_6874111,6874111,0,22,0,0.653245860414243,0.157303344531732,0.203474312123818,0
03026500,camels_03026500_6874093,6874093,0,4,0,0.639196759035446,0.156580794306811,0.209814940150446,0
03021350,camels_03021350_9049227,9049227,0,28,0,0.61464135372136,0.168834030505871,0.208263538884948,0
03015500,camels_03015500_8975634,8975634,0,98,0,0.628297770292423,0.181003525363463,0.192038519147369,0
03011800,camels_03011800_8974366,8974366,0,12,0,0.627746715864344,0.164345763980717,0.210192690903197,0
03010655,camels_03010655_8971150,8971150,0,33,0,0.688460584373285,0.205555259955749,0.207261759338099,0
02481510,camels_02481510_18075806,18075806,1,87,0,0.695998344547925,0.0237431959698631,0.0007622545076852,1
14400000,camels_14400000_23949601,23949601,1,86,0,0.410302083666978,-1.01594616388723,0.0243303906906382,1
