{
    "forcing_file":"G:\\Shared drives\\SI_NextGen_Aridity\\data\\camels\\gauch_etal_2020\\nldas_hourly\\03049800_hourly_nldas.csv",
    "catchment_area_km2":14.89,
    "alpha_fc":0.33,
    "soil_params":{
        "depth":2.0,
        "satdk":6.1475e-06,
        "satpsi":0.759000003,
        "slop":0.08470522,
        "smcmax":0.46474178,
        "wltsmc":0.083999999,
        "bb":7.0,
        "D":2.0,
        "mult":1000.0
    },
    "refkdt":2.3365454459999997,
    "max_gw_storage":0.015771637917,
    "Cgw":1.8e-05,
    "expon":7.0,
    "gw_storage":0.05,
    "soil_storage":0.05,
    "K_lf":0.01,
    "K_nash":0.03,
    "nash_storage":[
        0.0,
        0.0
    ],
    "giuh_ordinates":[
        0.34,
        0.44,
        0.22
    ],
    "stand_alone":1,
    "unit_test":0,
    "compare_results_file":""
}