{
    "forcing_file":"G:\\Shared drives\\SI_NextGen_Aridity\\data\\camels\\gauch_etal_2020\\nldas_hourly\\01052500_hourly_nldas.csv",
    "catchment_area_km2":383.82,
    "alpha_fc":0.33,
    "soil_params":{
        "depth":2.0,
        "satdk":7.475321428571429e-06,
        "satpsi":0.3294765896071429,
        "slop":0.02429672124999999,
        "smcmax":0.48159490521428566,
        "wltsmc":0.06493455325,
        "bb":4.0,
        "D":2.0,
        "mult":1000.0
    },
    "refkdt":3.863485206,
    "max_gw_storage":0.04491662216200002,
    "Cgw":1.8e-05,
    "expon":2.0,
    "gw_storage":0.05,
    "soil_storage":0.05,
    "K_lf":0.01,
    "K_nash":0.03,
    "nash_storage":[
        0.0,
        0.0
    ],
    "giuh_ordinates":[
        0.23,
        0.23,
        0.2,
        0.15,
        0.1,
        0.05,
        0.03,
        0.01,
        0.0
    ],
    "stand_alone":1,
    "unit_test":0,
    "compare_results_file":""
}