{
    "forcing_file":"G:\\Shared drives\\SI_NextGen_Aridity\\data\\camels\\gauch_etal_2020\\nldas_hourly\\01195100_hourly_nldas.csv",
    "catchment_area_km2":14.84,
    "alpha_fc":0.33,
    "soil_params":{
        "depth":2.0,
        "satdk":4.04e-06,
        "satpsi":0.141000003,
        "slop":0.019200949,
        "smcmax":0.473021895,
        "wltsmc":0.04699999800000001,
        "bb":4.0,
        "D":2.0,
        "mult":1000.0
    },
    "refkdt":0.153404117,
    "max_gw_storage":0.030750761032,
    "Cgw":1.8e-05,
    "expon":1.0,
    "gw_storage":0.05,
    "soil_storage":0.05,
    "K_lf":0.01,
    "K_nash":0.03,
    "nash_storage":[
        0.0,
        0.0
    ],
    "giuh_ordinates":[
        0.62,
        0.28,
        0.07,
        0.03
    ],
    "stand_alone":1,
    "unit_test":0,
    "compare_results_file":""
}