{
    "forcing_file":"G:\\Shared drives\\SI_NextGen_Aridity\\data\\camels\\gauch_etal_2020\\nldas_hourly\\03364500_hourly_nldas.csv",
    "catchment_area_km2":237.09,
    "alpha_fc":0.33,
    "soil_params":{
        "depth":2.0,
        "satdk":3.7933529411764703e-06,
        "satpsi":0.759000003,
        "slop":0.01807667894117647,
        "smcmax":0.4271162166470588,
        "wltsmc":0.083999999,
        "bb":9.0,
        "D":2.0,
        "mult":1000.0
    },
    "refkdt":3.5482194043529414,
    "max_gw_storage":0.013504478455,
    "Cgw":1.8e-05,
    "expon":7.0,
    "gw_storage":0.05,
    "soil_storage":0.05,
    "K_lf":0.01,
    "K_nash":0.03,
    "nash_storage":[
        0.0,
        0.0
    ],
    "giuh_ordinates":[
        0.23,
        0.15,
        0.12,
        0.09,
        0.07,
        0.05,
        0.04,
        0.04,
        0.03,
        0.02,
        0.02,
        0.02,
        0.02,
        0.01,
        0.01,
        0.01,
        0.01,
        0.01,
        0.01,
        0.01,
        0.01,
        0.01,
        0.01,
        0.0,
        0.0,
        0.0
    ],
    "stand_alone":1,
    "unit_test":0,
    "compare_results_file":""
}