{
    "forcing_file":"G:\\Shared drives\\SI_NextGen_Aridity\\data\\camels\\gauch_etal_2020\\nldas_hourly\\03455500_hourly_nldas.csv",
    "catchment_area_km2":72.95,
    "alpha_fc":0.33,
    "soil_params":{
        "depth":2.0,
        "satdk":8.034444444444445e-06,
        "satpsi":0.354999989,
        "slop":0.07748245866666666,
        "smcmax":0.5228316966666667,
        "wltsmc":0.066,
        "bb":2.0,
        "D":2.0,
        "mult":1000.0
    },
    "refkdt":1.7406976683333335,
    "max_gw_storage":0.23255192565900001,
    "Cgw":1.8e-05,
    "expon":2.0,
    "gw_storage":0.05,
    "soil_storage":0.05,
    "K_lf":0.01,
    "K_nash":0.03,
    "nash_storage":[
        0.0,
        0.0
    ],
    "giuh_ordinates":[
        0.13,
        0.13,
        0.14,
        0.13,
        0.12,
        0.09,
        0.07,
        0.06,
        0.05,
        0.04,
        0.02,
        0.01,
        0.01,
        0.0
    ],
    "stand_alone":1,
    "unit_test":0,
    "compare_results_file":""
}