{
    "forcing_file":"G:\\Shared drives\\SI_NextGen_Aridity\\data\\camels\\gauch_etal_2020\\nldas_hourly\\01586610_hourly_nldas.csv",
    "catchment_area_km2":72.7,
    "alpha_fc":0.33,
    "soil_params":{
        "depth":2.0,
        "satdk":1.6737125e-05,
        "satpsi":0.4041609425,
        "slop":0.022302121,
        "smcmax":0.509293459875,
        "wltsmc":0.068311967875,
        "bb":5.0,
        "D":2.0,
        "mult":1000.0
    },
    "refkdt":1.740419573375,
    "max_gw_storage":0.186990020752,
    "Cgw":1.8e-05,
    "expon":1.0,
    "gw_storage":0.05,
    "soil_storage":0.05,
    "K_lf":0.01,
    "K_nash":0.03,
    "nash_storage":[
        0.0,
        0.0
    ],
    "giuh_ordinates":[
        0.44,
        0.35,
        0.16,
        0.05
    ],
    "stand_alone":1,
    "unit_test":0,
    "compare_results_file":""
}