{
    "forcing_file":"G:\\Shared drives\\SI_NextGen_Aridity\\data\\camels\\gauch_etal_2020\\nldas_hourly\\04057800_hourly_nldas.csv",
    "catchment_area_km2":115.87,
    "alpha_fc":0.33,
    "soil_params":{
        "depth":2.0,
        "satdk":3.536133333333334e-06,
        "satpsi":0.7474557988666669,
        "slop":0.028990858266666666,
        "smcmax":0.4185831280666666,
        "wltsmc":0.08352865646666667,
        "bb":6.0,
        "D":2.0,
        "mult":1000.0
    },
    "refkdt":3.963012819133333,
    "max_gw_storage":0.15912348937999993,
    "Cgw":1.8e-05,
    "expon":7.0,
    "gw_storage":0.05,
    "soil_storage":0.05,
    "K_lf":0.01,
    "K_nash":0.03,
    "nash_storage":[
        0.0,
        0.0
    ],
    "giuh_ordinates":[
        0.38,
        0.29,
        0.2,
        0.08,
        0.03,
        0.02
    ],
    "stand_alone":1,
    "unit_test":0,
    "compare_results_file":""
}