{"forcing_file": "G:\\Shared drives\\SI_NextGen_Aridity\\data\\camels\\gauch_etal_2020\\nldas_hourly\\01022500_hourly_nldas.csv", "catchment_area_km2": 573.6, "alpha_fc": 0.33, "soil_params": {"depth": 2.0, "satdk": 0.000545589525243758, "satpsi": 0.1647076737162162, "slop": 0.08824091635135137, "smcmax": 0.42148070510766705, "wltsmc": 0.04966811960810811, "bb": 16.83530946237283, "D": 2.0, "mult": 1000.0}, "refkdt": 3.8266861353378374, "max_gw_storage": 0.06303796273637305, "Cgw": 0.00029653305447847303, "expon": 1.6168131493967715, "gw_storage": 0.05, "soil_storage": 0.05, "K_lf": 0.5672428440296907, "K_nash": 0.4419822859950906, "nash_storage": [0.0, 0.0], "giuh_ordinates": [0.93, 0.06, 0.01, 0.0, 0.0], "stand_alone": 1, "unit_test": 0, "compare_results_file": "", "partition_scheme": "Xinanjiang", "soil_scheme": "ode", "slop": 1.0}