{
    "forcing_file":"G:\\Shared drives\\SI_NextGen_Aridity\\data\\camels\\gauch_etal_2020\\nldas_hourly\\02015700_hourly_nldas.csv",
    "catchment_area_km2":285.41,
    "alpha_fc":0.33,
    "soil_params":{
        "depth":2.0,
        "satdk":5.626333333333334e-06,
        "satpsi":0.1702726555555555,
        "slop":0.006194952777777778,
        "smcmax":0.3563094303888889,
        "wltsmc":0.049875168777777784,
        "bb":2.0,
        "D":2.0,
        "mult":1000.0
    },
    "refkdt":0.690499675,
    "max_gw_storage":0.24519329834,
    "Cgw":1.8e-05,
    "expon":3.0,
    "gw_storage":0.05,
    "soil_storage":0.05,
    "K_lf":0.01,
    "K_nash":0.03,
    "nash_storage":[
        0.0,
        0.0
    ],
    "giuh_ordinates":[
        0.2,
        0.2,
        0.2,
        0.16,
        0.11,
        0.06,
        0.03,
        0.02,
        0.01,
        0.01,
        0.0
    ],
    "stand_alone":1,
    "unit_test":0,
    "compare_results_file":""
}