{
    "forcing_file":"G:\\Shared drives\\SI_NextGen_Aridity\\data\\camels\\gauch_etal_2020\\nldas_hourly\\03028000_hourly_nldas.csv",
    "catchment_area_km2":161.11,
    "alpha_fc":0.33,
    "soil_params":{
        "depth":2.0,
        "satdk":6.124818181818182e-06,
        "satpsi":0.3549999890000001,
        "slop":0.052025580499999995,
        "smcmax":0.4631921023636364,
        "wltsmc":0.06600000000000002,
        "bb":4.0,
        "D":2.0,
        "mult":1000.0
    },
    "refkdt":3.7550627050000003,
    "max_gw_storage":0.12662911987299996,
    "Cgw":1.8e-05,
    "expon":3.0,
    "gw_storage":0.05,
    "soil_storage":0.05,
    "K_lf":0.01,
    "K_nash":0.03,
    "nash_storage":[
        0.0,
        0.0
    ],
    "giuh_ordinates":[
        0.37,
        0.34,
        0.21,
        0.05,
        0.02,
        0.01
    ],
    "stand_alone":1,
    "unit_test":0,
    "compare_results_file":""
}