{
    "forcing_file":"G:\\Shared drives\\SI_NextGen_Aridity\\data\\camels\\gauch_etal_2020\\nldas_hourly\\01139800_hourly_nldas.csv",
    "catchment_area_km2":22.8,
    "alpha_fc":0.33,
    "soil_params":{
        "depth":2.0,
        "satdk":8.231e-06,
        "satpsi":0.141000003,
        "slop":0.091271052,
        "smcmax":0.400510698,
        "wltsmc":0.04699999800000001,
        "bb":6.0,
        "D":2.0,
        "mult":1000.0
    },
    "refkdt":3.049403047333333,
    "max_gw_storage":0.035638278961,
    "Cgw":1.8e-05,
    "expon":1.0,
    "gw_storage":0.05,
    "soil_storage":0.05,
    "K_lf":0.01,
    "K_nash":0.03,
    "nash_storage":[
        0.0,
        0.0
    ],
    "giuh_ordinates":[
        0.26,
        0.27,
        0.25,
        0.17,
        0.05
    ],
    "stand_alone":1,
    "unit_test":0,
    "compare_results_file":""
}