{
    "forcing_file":"G:\\Shared drives\\SI_NextGen_Aridity\\data\\camels\\gauch_etal_2020\\nldas_hourly\\02300700_hourly_nldas.csv",
    "catchment_area_km2":73.84,
    "alpha_fc":0.33,
    "soil_params":{
        "depth":2.0,
        "satdk":3.02264e-05,
        "satpsi":0.07167558930000001,
        "slop":0.0265621195,
        "smcmax":0.39213812169999995,
        "wltsmc":0.011521686399999998,
        "bb":5.0,
        "D":2.0,
        "mult":1000.0
    },
    "refkdt":3.1068444200000003,
    "max_gw_storage":0.016994047165,
    "Cgw":1.8e-05,
    "expon":1.0,
    "gw_storage":0.05,
    "soil_storage":0.05,
    "K_lf":0.01,
    "K_nash":0.03,
    "nash_storage":[
        0.0,
        0.0
    ],
    "giuh_ordinates":[
        0.38,
        0.27,
        0.18,
        0.09,
        0.04,
        0.02,
        0.01,
        0.01,
        0.0
    ],
    "stand_alone":1,
    "unit_test":0,
    "compare_results_file":""
}