{
    "forcing_file":"G:\\Shared drives\\SI_NextGen_Aridity\\data\\camels\\gauch_etal_2020\\nldas_hourly\\01466500_hourly_nldas.csv",
    "catchment_area_km2":5.38,
    "alpha_fc":0.33,
    "soil_params":{
        "depth":2.0,
        "satdk":3.9075e-05,
        "satpsi":0.068999998,
        "slop":0.065456471,
        "smcmax":0.320885358,
        "wltsmc":0.01,
        "bb":5.0,
        "D":2.0,
        "mult":1000.0
    },
    "refkdt":3.747701431,
    "max_gw_storage":0.014139476776,
    "Cgw":1.8e-05,
    "expon":1.0,
    "gw_storage":0.05,
    "soil_storage":0.05,
    "K_lf":0.01,
    "K_nash":0.03,
    "nash_storage":[
        0.0,
        0.0
    ],
    "giuh_ordinates":[
        0.53,
        0.32,
        0.12,
        0.03
    ],
    "stand_alone":1,
    "unit_test":0,
    "compare_results_file":""
}