{
    "forcing_file":"G:\\Shared drives\\SI_NextGen_Aridity\\data\\camels\\gauch_etal_2020\\nldas_hourly\\03280700_hourly_nldas.csv",
    "catchment_area_km2":158.22,
    "alpha_fc":0.33,
    "soil_params":{
        "depth":2.0,
        "satdk":2.81e-06,
        "satpsi":0.7590000030000001,
        "slop":0.014975751,
        "smcmax":0.497209996,
        "wltsmc":0.083999999,
        "bb":3.0,
        "D":2.0,
        "mult":1000.0
    },
    "refkdt":3.25320363,
    "max_gw_storage":0.04585729599,
    "Cgw":1.8e-05,
    "expon":2.0,
    "gw_storage":0.05,
    "soil_storage":0.05,
    "K_lf":0.01,
    "K_nash":0.03,
    "nash_storage":[
        0.0,
        0.0
    ],
    "giuh_ordinates":[
        0.23,
        0.28,
        0.28,
        0.16,
        0.04,
        0.01,
        0.0
    ],
    "stand_alone":1,
    "unit_test":0,
    "compare_results_file":""
}