{
    "forcing_file":"G:\\Shared drives\\SI_NextGen_Aridity\\data\\camels\\gauch_etal_2020\\nldas_hourly\\01484100_hourly_nldas.csv",
    "catchment_area_km2":9.0,
    "alpha_fc":0.33,
    "soil_params":{
        "depth":2.0,
        "satdk":8.0732e-05,
        "satpsi":0.042272446,
        "slop":0.047385293,
        "smcmax":0.461358357,
        "wltsmc":0.030270814,
        "bb":7.0,
        "D":2.0,
        "mult":1000.0
    },
    "refkdt":3.739683029,
    "max_gw_storage":0.153997970581,
    "Cgw":1.8e-05,
    "expon":2.0,
    "gw_storage":0.05,
    "soil_storage":0.05,
    "K_lf":0.01,
    "K_nash":0.03,
    "nash_storage":[
        0.0,
        0.0
    ],
    "giuh_ordinates":[
        0.4,
        0.23,
        0.15,
        0.15,
        0.07
    ],
    "stand_alone":1,
    "unit_test":0,
    "compare_results_file":""
}