{
    "forcing_file":"G:\\Shared drives\\SI_NextGen_Aridity\\data\\camels\\gauch_etal_2020\\nldas_hourly\\01434025_hourly_nldas.csv",
    "catchment_area_km2":9.7,
    "alpha_fc":0.33,
    "soil_params":{
        "depth":2.0,
        "satdk":4.802e-06,
        "satpsi":0.499728809,
        "slop":0.067479401,
        "smcmax":0.425957337,
        "wltsmc":0.074798647,
        "bb":4.0,
        "D":2.0,
        "mult":1000.0
    },
    "refkdt":3.015415915,
    "max_gw_storage":0.241201248169,
    "Cgw":1.8e-05,
    "expon":6.0,
    "gw_storage":0.05,
    "soil_storage":0.05,
    "K_lf":0.01,
    "K_nash":0.03,
    "nash_storage":[
        0.0,
        0.0
    ],
    "giuh_ordinates":[
        0.19,
        0.2,
        0.18,
        0.16,
        0.16,
        0.09,
        0.02
    ],
    "stand_alone":1,
    "unit_test":0,
    "compare_results_file":""
}