{
    "forcing_file":"G:\\Shared drives\\SI_NextGen_Aridity\\data\\camels\\gauch_etal_2020\\nldas_hourly\\02450250_hourly_nldas.csv",
    "catchment_area_km2":231.83,
    "alpha_fc":0.33,
    "soil_params":{
        "depth":2.0,
        "satdk":1.979724137931034e-06,
        "satpsi":0.14100000299999998,
        "slop":0.12848816641379313,
        "smcmax":0.4221867225172413,
        "wltsmc":0.046999998,
        "bb":6.0,
        "D":2.0,
        "mult":1000.0
    },
    "refkdt":2.3331186778620694,
    "max_gw_storage":0.17528193664599998,
    "Cgw":1.8e-05,
    "expon":6.0,
    "gw_storage":0.05,
    "soil_storage":0.05,
    "K_lf":0.01,
    "K_nash":0.03,
    "nash_storage":[
        0.0,
        0.0
    ],
    "giuh_ordinates":[
        0.41,
        0.45,
        0.13,
        0.01
    ],
    "stand_alone":1,
    "unit_test":0,
    "compare_results_file":""
}