{
    "forcing_file":"G:\\Shared drives\\SI_NextGen_Aridity\\data\\camels\\gauch_etal_2020\\nldas_hourly\\01022500_hourly_nldas.csv",
    "catchment_area_km2":573.6,
    "alpha_fc":0.33,
    "soil_params":{
        "depth":2.0,
        "satdk":1.3156783783783787e-05,
        "satpsi":0.1647076737162162,
        "slop":0.08824091635135137,
        "smcmax":0.37300223004054056,
        "wltsmc":0.04966811960810811,
        "bb":8.013513513513514,
        "D":2.0,
        "mult":1000.0
    },
    "refkdt":3.8266861353378374,
    "max_gw_storage":0.021342666010108112,
    "Cgw":1.8e-05,
    "expon":6.72972972972973,
    "gw_storage":0.05,
    "soil_storage":0.05,
    "K_lf":0.01,
    "K_nash":0.03,
    "nash_storage":[
        0.0,
        0.0
    ],
    "giuh_ordinates":[
        0.93,
        0.06,
        0.01,
        0.0,
        0.0
    ],
    "stand_alone":1,
    "unit_test":0,
    "compare_results_file":"",
    "partition_scheme":"Schaake",
    "soil_scheme":"ode"
}