{
    "forcing_file":"G:\\Shared drives\\SI_NextGen_Aridity\\data\\camels\\gauch_etal_2020\\nldas_hourly\\01594950_hourly_nldas.csv",
    "catchment_area_km2":6.12,
    "alpha_fc":0.33,
    "soil_params":{
        "depth":2.0,
        "satdk":3.612e-06,
        "satpsi":0.64494787,
        "slop":0.133898977,
        "smcmax":0.517310543,
        "wltsmc":0.083627299,
        "bb":4.0,
        "D":2.0,
        "mult":1000.0
    },
    "refkdt":1.864398329,
    "max_gw_storage":0.05542735672,
    "Cgw":1.8e-05,
    "expon":2.0,
    "gw_storage":0.05,
    "soil_storage":0.05,
    "K_lf":0.01,
    "K_nash":0.03,
    "nash_storage":[
        0.0,
        0.0
    ],
    "giuh_ordinates":[
        0.26,
        0.35,
        0.21,
        0.12,
        0.06
    ],
    "stand_alone":1,
    "unit_test":0,
    "compare_results_file":""
}