{
    "forcing_file":"G:\\Shared drives\\SI_NextGen_Aridity\\data\\camels\\gauch_etal_2020\\nldas_hourly\\03368000_hourly_nldas.csv",
    "catchment_area_km2":29.72,
    "alpha_fc":0.33,
    "soil_params":{
        "depth":2.0,
        "satdk":2.392e-06,
        "satpsi":0.759000003,
        "slop":0.055239986,
        "smcmax":0.446879828,
        "wltsmc":0.083999999,
        "bb":9.0,
        "D":2.0,
        "mult":1000.0
    },
    "refkdt":0.133826496,
    "max_gw_storage":0.021637525558,
    "Cgw":1.8e-05,
    "expon":7.0,
    "gw_storage":0.05,
    "soil_storage":0.05,
    "K_lf":0.01,
    "K_nash":0.03,
    "nash_storage":[
        0.0,
        0.0
    ],
    "giuh_ordinates":[
        0.33,
        0.26,
        0.17,
        0.1,
        0.08,
        0.04,
        0.02
    ],
    "stand_alone":1,
    "unit_test":0,
    "compare_results_file":""
}