{
    "forcing_file":"G:\\Shared drives\\SI_NextGen_Aridity\\data\\camels\\gauch_etal_2020\\nldas_hourly\\03026500_hourly_nldas.csv",
    "catchment_area_km2":20.31,
    "alpha_fc":0.33,
    "soil_params":{
        "depth":2.0,
        "satdk":6.38325e-06,
        "satpsi":0.354999989,
        "slop":0.051623697999999996,
        "smcmax":0.463592523,
        "wltsmc":0.066,
        "bb":4.0,
        "D":2.0,
        "mult":1000.0
    },
    "refkdt":3.757974123,
    "max_gw_storage":0.126629119873,
    "Cgw":1.8e-05,
    "expon":3.0,
    "gw_storage":0.05,
    "soil_storage":0.05,
    "K_lf":0.01,
    "K_nash":0.03,
    "nash_storage":[
        0.0,
        0.0
    ],
    "giuh_ordinates":[
        0.29,
        0.24,
        0.17,
        0.09,
        0.06,
        0.05,
        0.03,
        0.03,
        0.04
    ],
    "stand_alone":1,
    "unit_test":0,
    "compare_results_file":""
}