{
    "forcing_file":"G:\\Shared drives\\SI_NextGen_Aridity\\data\\camels\\gauch_etal_2020\\nldas_hourly\\01451800_hourly_nldas.csv",
    "catchment_area_km2":135.84,
    "alpha_fc":0.33,
    "soil_params":{
        "depth":2.0,
        "satdk":6.783315789473684e-06,
        "satpsi":0.7399221107368422,
        "slop":0.075291131,
        "smcmax":0.48757031515789484,
        "wltsmc":0.08330287021052632,
        "bb":7.0,
        "D":2.0,
        "mult":1000.0
    },
    "refkdt":2.137576744105263,
    "max_gw_storage":0.010245184898,
    "Cgw":1.8e-05,
    "expon":7.0,
    "gw_storage":0.05,
    "soil_storage":0.05,
    "K_lf":0.01,
    "K_nash":0.03,
    "nash_storage":[
        0.0,
        0.0
    ],
    "giuh_ordinates":[
        0.38,
        0.33,
        0.17,
        0.09,
        0.03,
        0.0
    ],
    "stand_alone":1,
    "unit_test":0,
    "compare_results_file":""
}