{
    "forcing_file":"G:\\Shared drives\\SI_NextGen_Aridity\\data\\camels\\gauch_etal_2020\\nldas_hourly\\02202600_hourly_nldas.csv",
    "catchment_area_km2":590.47,
    "alpha_fc":0.33,
    "soil_params":{
        "depth":2.0,
        "satdk":7.471084507042253e-06,
        "satpsi":0.04608938936619718,
        "slop":0.055757793774647894,
        "smcmax":0.4578049634225352,
        "wltsmc":0.021710474887323947,
        "bb":7.028169014084507,
        "D":2.0,
        "mult":1000.0
    },
    "refkdt":3.688013182788733,
    "max_gw_storage":0.014793630600000001,
    "Cgw":1.8e-05,
    "expon":7.0,
    "gw_storage":0.05,
    "soil_storage":0.05,
    "K_lf":0.01,
    "K_nash":0.03,
    "nash_storage":[
        0.0,
        0.0
    ],
    "giuh_ordinates":[
        0.26,
        0.2,
        0.14,
        0.1,
        0.07,
        0.04,
        0.03,
        0.03,
        0.02,
        0.02,
        0.02,
        0.01,
        0.01,
        0.01,
        0.01,
        0.01,
        0.01,
        0.01,
        0.0,
        0.0
    ],
    "stand_alone":1,
    "unit_test":0,
    "compare_results_file":""
}