{
    "forcing_file":"G:\\Shared drives\\SI_NextGen_Aridity\\data\\camels\\gauch_etal_2020\\nldas_hourly\\02011400_hourly_nldas.csv",
    "catchment_area_km2":407.72,
    "alpha_fc":0.33,
    "soil_params":{
        "depth":2.0,
        "satdk":5.5904210526315795e-06,
        "satpsi":0.20206410242105263,
        "slop":0.07025791231578947,
        "smcmax":0.47713089347368437,
        "wltsmc":0.05556964310526316,
        "bb":4.0,
        "D":2.0,
        "mult":1000.0
    },
    "refkdt":1.0369846698421052,
    "max_gw_storage":0.18216539001500004,
    "Cgw":1.8e-05,
    "expon":3.0,
    "gw_storage":0.05,
    "soil_storage":0.05,
    "K_lf":0.01,
    "K_nash":0.03,
    "nash_storage":[
        0.0,
        0.0
    ],
    "giuh_ordinates":[
        0.21,
        0.23,
        0.2,
        0.14,
        0.09,
        0.06,
        0.04,
        0.02,
        0.01,
        0.0
    ],
    "stand_alone":1,
    "unit_test":0,
    "compare_results_file":""
}